{
  "individual_times": [
    2.4740912999986904,
    2.895188999998936,
    2.1306737000013527,
    2.176971199998661,
    2.212817299998278,
    2.558457399998588,
    2.1676974999973027,
    2.8104595000004338,
    2.7732562999990478,
    2.646175800000492,
    2.9943777000007685,
    2.636388099999749,
    2.9035812000001897,
    2.606564100002288,
    2.5860526000033133,
    2.318842200002109,
    2.855661699999473,
    2.9963577000016812,
    2.4338051000013365,
    2.16811830000006
  ],
  "server_delays": [
    0.43850893251948964,
    0.8710660911366959,
    0.1070905134250077,
    0.14584830554692926,
    0.1592350095234499,
    0.5275334395248009,
    0.11251108275160421,
    0.751813064209704,
    0.745162050238336,
    0.6231933718323547,
    0.9718895541375576,
    0.6120860064266398,
    0.8891193004507385,
    0.5730861785434352,
    0.5580187819124884,
    0.2708520936387195,
    0.8177764174390644,
    0.9618850414486537,
    0.41518451032016723,
    0.13273339303692183
  ],
  "count_success": 20,
  "count_failed": 0,
  "total_time": 13.0177580999989
}