{
  "individual_times": [
    0.48449190000246745,
    0.8719584999998915,
    0.1232903999989503,
    0.7790930000010121,
    0.67067660000248,
    0.8102424999997311,
    0.49884670000028564,
    0.21988110000165761,
    0.6599160000005213,
    0.17137439999714843,
    0.3140099000011105,
    0.9585078999989491,
    0.8118961000000127,
    0.5792507000005571,
    0.6730263000026753,
    0.31040970000321977,
    0.8928090000008524,
    0.5611062999996648,
    0.1889640999979747,
    0.1725674999979674
  ],
  "server_delays": [
    0.46678145973197893,
    0.8690409628227724,
    0.11569809808874715,
    0.765779558931828,
    0.6628742201258382,
    0.8039301468918955,
    0.48735615918607733,
    0.21138716191930645,
    0.6579743858934723,
    0.1580521420263815,
    0.30606874069308565,
    0.95212816594213,
    0.795050796627125,
    0.5620020742989347,
    0.6559594116795349,
    0.3028209837745097,
    0.8794517007832329,
    0.5524490681537748,
    0.1720192563950395,
    0.16619267554837153
  ],
  "count_success": 20,
  "count_failed": 0,
  "total_time": 10.752691100002266
}