{
  "individual_times": [
    0.5374965999999404,
    0.7512320000005275,
    0.8543637999991915,
    0.20104100000025937,
    0.35968920000050275,
    0.22034679999887885,
    0.751714300000458,
    0.2511607999986154,
    0.7018841000008251,
    0.17094660000111617,
    0.7204096000004938,
    0.14082210000015039,
    0.6123977999995986,
    0.12560969999867666,
    0.7390304000000469,
    0.9045088999992004,
    0.6274195999994845,
    0.6883870999990904,
    0.8454136999989714,
    0.715218499999537,
    0.9894838000000163,
    0.1861575000002631,
    0.13924729999962437,
    0.17442010000013397,
    0.3450836000010895,
    0.2963521000001492,
    0.46861060000082944,
    0.9251312000014877,
    0.5485595999998623,
    0.9884067999992112,
    0.24684669999987818,
    0.5164215000004333,
    0.2505343000011635,
    0.3428102999987459,
    0.2678309000002628,
    0.37878169999930833,
    0.47236750000047323,
    0.3892046000000846,
    0.17398010000033537,
    0.8305464000004577,
    0.7343671999988146,
    0.6312249000002339,
    0.17085969999970985,
    0.638799199999994,
    0.5629654000003939,
    0.21895129999938945,
    0.7330316999996285,
    0.9021217999998044,
    0.6126948000000993,
    0.3123988000006648,
    0.5747684000016307,
    0.18993820000105188,
    0.6256927000013093,
    0.5299730999995518,
    0.8484146999999211,
    0.12548400000014226,
    0.35943700000098033,
    0.8307460000014544,
    0.5335166999993817,
    0.9716007999995782,
    0.6995748999997886,
    0.8440071000004536,
    0.8280054999995627,
    0.1706849999991391,
    0.613747899998998,
    0.9112777999998798,
    1.0043649999988702,
    0.5143558999989182,
    0.7316350999990391,
    0.28020899999864923,
    0.9113558999997622,
    0.18971719999899506,
    0.5375041000006604,
    0.203794499999276,
    0.37695110000095156,
    0.4973883000002388,
    0.40749440000035975,
    0.26246899999932793,
    0.8411027000001923,
    0.12472770000022138,
    0.25164480000057665,
    0.9113256999989972,
    0.27998119999938353,
    0.3123658999993495,
    0.7962124999994558,
    0.5664653999992879,
    0.5912174999994022,
    0.4886659999992844,
    0.8738035000005766,
    0.18664220000027854,
    0.8573718999996345,
    0.8498295000008511,
    0.4381321000000753,
    0.8566678000006505,
    0.31208540000079665,
    0.2812914999994973,
    0.3112473000001046,
    0.8585402999997314,
    0.5911873000004562,
    0.12428639999961888
  ],
  "server_delays": [
    0.5230224147977488,
    0.7355569487628573,
    0.842079205087799,
    0.19551045656011012,
    0.3431481865973893,
    0.20791390374095708,
    0.7349943502923584,
    0.2349710597205972,
    0.6960034982896103,
    0.16372131244366833,
    0.7082704536713791,
    0.13430886699991063,
    0.5986283289087053,
    0.11791737677691184,
    0.724092870209897,
    0.890211044941142,
    0.6124053816934759,
    0.6839575065605118,
    0.8380265092631823,
    0.7090490819971791,
    0.9832036193869191,
    0.17733368945122535,
    0.1338851231934501,
    0.1681016300214543,
    0.3363734587317341,
    0.2813149067353129,
    0.46540197912939396,
    0.9103270768540708,
    0.5374066418434482,
    0.9762335998195428,
    0.23765431581715896,
    0.5091812427738039,
    0.23751911614003204,
    0.3363428933713397,
    0.25974558839045536,
    0.3731081653417947,
    0.46355337890543935,
    0.38244937543394375,
    0.1663980171598402,
    0.814140236223706,
    0.7181997391893897,
    0.6198037918016992,
    0.16848094495096266,
    0.6216064158362838,
    0.557076128201429,
    0.21295477535054225,
    0.7199423491857522,
    0.8873562515482729,
    0.6090429812998825,
    0.2973505059086561,
    0.5688524918554535,
    0.18586927298218506,
    0.6121718262392106,
    0.5211462562551386,
    0.8351686428413428,
    0.10924964572297194,
    0.3508007578010399,
    0.8267465863926465,
    0.5297291195793152,
    0.9630595090165067,
    0.6823924239039433,
    0.8350210984719804,
    0.8109544884913505,
    0.15312542269870297,
    0.5977149328674486,
    0.8947580265650146,
    0.9989331627765219,
    0.507384010680527,
    0.7169780015109489,
    0.2649764506166811,
    0.9021238254798033,
    0.17223795018592236,
    0.5231777053762838,
    0.18730901889827617,
    0.3747896565905886,
    0.48133290537433504,
    0.3970927998124659,
    0.25246706971552957,
    0.8318820324327783,
    0.11705721292916924,
    0.2457039078054884,
    0.9014814330367169,
    0.27140833899783146,
    0.30326771046224604,
    0.7934099244641654,
    0.5528773275412587,
    0.5785720409555813,
    0.48153071181716156,
    0.8684761801907392,
    0.16806228188551428,
    0.8398449507266028,
    0.8467318115296121,
    0.4259419835733952,
    0.8451688357379923,
    0.30627796183542605,
    0.26779591626845267,
    0.30871570693674166,
    0.8447502573982411,
    0.5770060813736889,
    0.11419114100077131
  ],
  "count_success": 100,
  "count_failed": 0,
  "total_time": 52.650396799999726
}