{"AllRequestsTime": 1.020432472229004, "ServerDelay": {"0.4212322235107422": 0.4128141901574498, "0.5206825733184814": 0.507452585037201, "0.7503652572631836": 0.7414163223333379, "0.3007810115814209": 0.29403193904847513, "0.9308805465698242": 0.9229508912341581, "0.5813493728637695": 0.5732445810726965, "0.3171401023864746": 0.30892313086117873, "0.5764753818511963": 0.5673478425975573, "0.3191797733306885": 0.3103392363005562, "0.5976786613464355": 0.588296984856317, "0.3282923698425293": 0.31886094627743466, "0.7662241458892822": 0.7551857243352401, "0.4466664791107178": 0.4347386206397583, "0.6144962310791016": 0.6018064866696563, "0.8880658149719238": 0.8736447743587962, "0.4628763198852539": 0.4490987290980841, "0.8166029453277588": 0.8012909398623642, "0.28876233100891113": 0.27195348482322207, "1.0157115459442139": 0.9979963323828147, "0.48270750045776367": 0.4654380607307983}}