{"AllRequestsTime": 2.7617268562316895, "ServerDelay": {"0.6614432334899902": 0.6557907389679285, "0.5910379886627197": 0.586689863170832, "0.338655948638916": 0.3311274398610295, "0.29849672317504883": 0.291448992964368, "0.879004716873169": 0.8750887854750243, "0.820131778717041": 0.8146801715276669, "0.6622259616851807": 0.6561147172335277, "0.42695140838623047": 0.42075133405427934, "0.5200951099395752": 0.5157488391386669, "0.43694233894348145": 0.43226082026168033, "0.25757455825805664": 0.2534937850194791, "0.24620676040649414": 0.24061173947349285, "0.6601119041442871": 0.6547928484066048, "0.7874677181243896": 0.7815674687481659, "0.7898614406585693": 0.7850238474349649, "0.3045923709869385": 0.2993898335797198, "0.5970346927642822": 0.5913989499258968, "0.420546293258667": 0.4162739608617243, "0.47044849395751953": 0.4649871864413354, "0.20908570289611816": 0.2045986431183196}}