{
  "individual_times": [
    0.2259293000024627,
    0.723041799999919,
    0.6923698999999033,
    0.8950330000006943,
    0.3106092999987595,
    0.7648350999988907,
    0.5936416999975336,
    0.18747670000084327,
    0.6113640000003215,
    0.5329986999968241,
    0.7854994999979681,
    0.5358737999995355,
    0.12658599999849685,
    0.7072310999974434,
    0.2991013999999268,
    0.6587153000000399,
    0.3758526999990863,
    0.8267985999991652,
    0.5439990000013495,
    0.21962169999824255
  ],
  "server_delays": [
    0.20855125220777526,
    0.7145067904465024,
    0.6737871048314256,
    0.8762758782546867,
    0.30691131283264084,
    0.7547108678515837,
    0.5830752987934688,
    0.18564346640551205,
    0.6033077773248094,
    0.5201678586485179,
    0.778319677045331,
    0.5314414300341921,
    0.11562127178855838,
    0.6926561892479522,
    0.2887096774488058,
    0.650414101608295,
    0.3581469092269912,
    0.8159170357501607,
    0.5282316503236999,
    0.21738784633385533
  ],
  "count_success": 20,
  "count_failed": 0,
  "total_time": 2.8992697000030603
}