{
  "SingleRequestTime": 0.9057104587554932,
  "ServerDelay": {
    "0.12981629371643066": 0.12680495635734937,
    "0.5112593173980713": 0.5086810169867431,
    "0.3178138732910156": 0.31523777799885283,
    "0.6055963039398193": 0.6028016192674601,
    "0.32812929153442383": 0.3253587041846175,
    "0.8889274597167969": 0.8857164396626624,
    "0.6729269027709961": 0.6698596480916755,
    "0.6201763153076172": 0.6172421452340503,
    "0.7030982971191406": 0.6999815955137041,
    "0.30822300910949707": 0.30519520753901885,
    "0.17182493209838867": 0.16879446092217987,
    "0.8576364517211914": 0.854399144362866,
    "0.35205888748168945": 0.3490457436460317,
    "0.22353601455688477": 0.22039678376279534,
    "0.14822959899902344": 0.1451127578943238,
    "0.19345450401306152": 0.18995332734482384,
    "0.7254433631896973": 0.7218318798751272,
    "0.9043393135070801": 0.9005612065721237,
    "0.5655450820922852": 0.5614700754993787,
    "0.10919499397277832": 0.10475243977099079
  }
}