{"SyncResp": [0.5725042711504131, 0.9749120537912036, 0.6936569079277072, 0.4289015281365387, 0.33599772876337564, 0.9122590565668651, 0.3710581485118003, 0.5148227436531648, 0.6260807539886665, 0.25980322578782256, 0.27250723627669177, 0.4375560502337852, 0.9274097000402926, 0.9879220638579475, 0.6667721981339108, 0.8629827212764896, 0.9485551168700336, 0.5059953723522275, 0.6130964765100468, 0.891677945691498], "SyncRes": [0.577608585357666, 0.9819414615631104, 0.7008373737335205, 0.4340708255767822, 0.3407900333404541, 0.9152712821960449, 0.37438130378723145, 0.5173461437225342, 0.6280648708343506, 0.26185107231140137, 0.274350643157959, 0.43941593170166016, 0.9292237758636475, 0.9894895553588867, 0.6685018539428711, 0.8647875785827637, 0.950423002243042, 0.5080897808074951, 0.6149783134460449, 0.8936102390289307]}