{"SyncResp": [0.1254461518996314, 0.20141282520601753, 0.38485588080763167, 0.24585143892344777, 0.4867176256474024, 0.421741111759527, 0.18612142200088327, 0.1483944627094142, 0.590964753491169, 0.9563943219350357, 0.36729188541277125, 0.7755018912178617, 0.9675446448568105, 0.136748537695471, 0.17909942224986947, 0.41420036107462177, 0.8536027938432573, 0.6064046307364876, 0.39068104457592834, 0.41447340955595513], "SyncRes": [0.12848782539367676, 0.20351386070251465, 0.38676905632019043, 0.24791884422302246, 0.4887681007385254, 0.42385077476501465, 0.18795490264892578, 0.15041542053222656, 0.5932900905609131, 0.9583728313446045, 0.3695645332336426, 0.777163028717041, 0.9690794944763184, 0.13848137855529785, 0.18094921112060547, 0.41649675369262695, 0.8553619384765625, 0.6081931591033936, 0.39276862144470215, 0.41672849655151367]}