{
  "SyncResp": [
    0.6114047990931343,
    0.37542049562678814,
    0.33378455212700675,
    0.39519674383776127,
    0.6518666347464078,
    0.7810075475241103,
    0.46483219933472875,
    0.24632272846532033,
    0.4209100024661252,
    0.807933498987481,
    0.6110478801513728,
    0.2510509270706017,
    0.4458265821953056,
    0.5027380189857543,
    0.28755529666514856,
    0.34419736955830244,
    0.627599267306653,
    0.8183880049360472,
    0.39799813644174176,
    0.2310076149111957
  ],
  "SyncRes": [
    0.6200430393218994,
    0.3831963539123535,
    0.33981990814208984,
    0.4013795852661133,
    0.6574816703796387,
    0.7863001823425293,
    0.4703059196472168,
    0.25363588333129883,
    0.429412841796875,
    0.8143444061279297,
    0.6171925067901611,
    0.25754261016845703,
    0.4515104293823242,
    0.5082781314849854,
    0.2989206314086914,
    0.35306477546691895,
    0.6336977481842041,
    0.8254165649414062,
    0.40390563011169434,
    0.23703598976135254
  ]
}