{"AllRequestsTime": 9.872964143753052, "ServerDelay": {"0.14996123313903809": 0.1442775931730291, "0.42493438720703125": 0.4199257395737096, "0.34523677825927734": 0.34049077712018416, "0.10571861267089844": 0.10115341318775987, "0.6411917209625244": 0.6350506186105596, "0.9631319046020508": 0.9563236470598161, "0.9981348514556885": 0.9928631507869161, "0.5165314674377441": 0.5121922256024353, "0.5349695682525635": 0.5302906494896243, "0.475740909576416": 0.47020278983633323, "0.8585219383239746": 0.8530118825349766, "0.11637759208679199": 0.11081329756387215, "0.16821575164794922": 0.16278994477608166, "0.4627854824066162": 0.45738408948005205, "0.19317245483398438": 0.18784122042989726, "0.3253488540649414": 0.32023394640709935, "0.5910606384277344": 0.5855237278360633, "0.9290030002593994": 0.9232906413580759, "0.5005450248718262": 0.4959091376667275, "0.5704636573791504": 0.5647506394420313}}