{
  "individual_times": [
    0.8502535000006901,
    1.0056715999999142,
    0.1957583999974304,
    0.16451349999988452,
    0.32103229999847827,
    0.8492890000015905,
    0.9272914999964996,
    0.8794598999993468,
    0.6616829999984475,
    0.8168917000002693,
    0.9425086999981431,
    0.5227519000000029,
    0.7863699000008637,
    0.25743449999936274,
    0.16310089999751654,
    0.8633582000002207,
    0.2726059000015084,
    0.14756979999947362,
    0.5522705000003043,
    0.5981271000018751
  ],
  "server_delays": [
    0.8377647726793497,
    0.986470894726188,
    0.18119502267610665,
    0.15054904871304442,
    0.30935622818921127,
    0.8378273782105317,
    0.9155654623817412,
    0.8719658943009878,
    0.6526824845994567,
    0.8103586116139437,
    0.9264278019549717,
    0.512106154496311,
    0.7678667722379395,
    0.24683685676881534,
    0.1499470666818854,
    0.8599918650876812,
    0.25319364109231657,
    0.12709483702435817,
    0.5358858139635216,
    0.5823253341933466
  ],
  "count_success": 20,
  "count_failed": 0,
  "total_time": 1.006268999997701
}