{"individual_times": [0.8791493999997329, 0.9726984000008088, 0.5180933999981789, 0.8154499000011128, 0.5471588999971573, 0.3108171999992919, 0.7011342000005243, 0.5591033000018797, 0.3423419999999169, 0.7048528999985137, 0.2037257000010868, 0.12697839999964344, 0.25225310000314494, 0.22012220000033267, 0.14132600000084494, 0.7165060000006633, 0.38945569999850704, 0.6685123999995994, 0.8706493000026967, 0.7015229999997246], "server_delays": [0.8597496358423766, 0.9656659800070566, 0.504250455318108, 0.8007109912628014, 0.5412270943010646, 0.2968029654685907, 0.6942455399256137, 0.5532843830572339, 0.3399512977553101, 0.6935100082075578, 0.1986082746259722, 0.1102833952158203, 0.24905591356484066, 0.2083821410504516, 0.1359022291827332, 0.6983133719471515, 0.376965220140275, 0.6634888921073715, 0.8582696903786592, 0.689498144446841], "count_success": 20, "count_failed": 0, "total_time": 2.923549600000115}