{"individual_times": [0.279626499999722, 0.33988529999987804, 0.8272071999999753, 0.9980739999991783, 0.6066351999998005, 0.4324287999988883, 0.38527869999961695, 0.27879120000034163, 0.7953982999988511, 0.27834380000058445, 0.9032795000002807, 0.2468179000006785, 1.0132298999997147, 0.7158449999988079, 0.4473297000004095, 0.7009050999986357, 0.43124079999870446, 0.7304688000003807, 0.7002127999985532, 0.3994055000002845, 0.9023362999996607, 0.8251829000000726, 0.947812200000044, 0.6677206000003935, 0.4618924000005791, 0.32286070000009204, 0.7454565999996703, 0.13822529999924882, 0.21441579999918758, 0.15264589999969758, 0.18347279999943567, 0.3069565000005241, 0.5555586000009498, 0.19828100000086124, 1.011129799999253, 0.32182509999984177, 0.4130289000004268, 0.5087202000013349, 0.42889180000020133, 0.29024240000035206, 0.5705965000015567, 0.30561040000065987, 0.697919300000649, 0.665363600001001, 0.1363935000008496, 0.3054666999996698, 0.5859230000005482, 0.9614911999997275, 0.5536713000001328, 0.538424299998951, 0.21212310000009893, 0.80661709999913, 0.6186285000003409, 0.4276642999993783, 0.1810886000002938, 0.3042943999989802, 0.2261004000010871, 1.0239591999998083, 0.7735960000009072, 0.2420787000010023, 0.2575044999994134, 0.5217733999998018, 0.5370208000003913, 0.39479670000037004, 0.7411126000006334, 0.6956998999994539, 0.7894208999987313, 0.5055804000003263, 0.8505334000001312, 0.5675735000004352, 0.36358429999927466, 0.3479501000001619, 0.4414160999986052, 0.6473175999999512, 0.286883000000671, 0.5994062999998278, 0.20910149999872374, 0.3473299999986921, 0.6157440999995742, 0.818952999999965, 0.646399700000984, 0.2861423000013019, 0.3167881000008492, 0.926091200000883, 0.3168566999993345, 0.7549668999999994, 0.708387099999527, 0.6146331000018108, 0.9730335000003834, 0.7386701999985235, 0.20733990000007907, 0.1312407000004896, 0.6927191000013408, 0.43923569999969914, 0.5485801000013453, 0.2696906000001036, 0.7861759000006714, 0.5178953999984515, 0.4387432000003173, 0.613733800000773], "server_delays": [0.25853832302826063, 0.3220552623695613, 0.7969151523009, 0.9718810861152632, 0.5855553566451436, 0.4144194605919973, 0.3585384335577241, 0.24870491378146728, 0.7777511691378389, 0.2527514500561048, 0.8830082602815023, 0.22677019715017727, 0.9941600180985033, 0.6994898702022811, 0.42085215088875016, 0.6748393570526088, 0.41356630188109567, 0.7028494061113099, 0.6756600674302433, 0.37878765603855846, 0.8708559544116371, 0.8072071694437232, 0.9188979465748518, 0.6481876560971543, 0.4300301941583592, 0.2934186869366936, 0.7203212445742516, 0.11175779976418147, 0.1969455683385875, 0.13490953919962403, 0.1627056255097791, 0.27730218689194663, 0.526549317082092, 0.17971451257844145, 0.9909319240193392, 0.2933313453571158, 0.38778046516487186, 0.4877952290040495, 0.4082883421961486, 0.2597597733792263, 0.5435938001704514, 0.2744388878181278, 0.6657106015681876, 0.6462705548847231, 0.1182642222988105, 0.2876194159190586, 0.5656392202217151, 0.9315218537234667, 0.5238354872483234, 0.5199822714443463, 0.1938860613534088, 0.7744296231733055, 0.5986794353148113, 0.40673053100359746, 0.15235226429038592, 0.2800374226809208, 0.2002779402774035, 0.9994233125273477, 0.7428224479813405, 0.21062190947029216, 0.23499948737949727, 0.5000590547258013, 0.50639350899875, 0.3754348946844467, 0.723750901888448, 0.6724873800364103, 0.7647962126336888, 0.48250169611911153, 0.8196683344342631, 0.5428941419317898, 0.33569394131478075, 0.31636805939959267, 0.41314309426738416, 0.6295746278252378, 0.25654001464806764, 0.570640739902469, 0.1874086672865356, 0.3256688391422369, 0.5928303380703639, 0.7994610947089872, 0.6263633618267174, 0.2670951325837111, 0.28990341620851934, 0.8984822007509476, 0.28547968050470995, 0.7327128712744582, 0.679010551220925, 0.5942170774063356, 0.9535800117609932, 0.7075568220965034, 0.1844121200443879, 0.10204923775487273, 0.6635827971784448, 0.41273258797247503, 0.5292312019364988, 0.25263052917275974, 0.7575031172467943, 0.49525466182428746, 0.40946999124325645, 0.580711902108886], "count_success": 100, "count_failed": 0, "total_time": 1.0307217999998102}