{"individual_times": [0.4282576000005065, 0.8317313000006834, 0.4836474999974598, 0.35971109999809414, 0.9980637000007846, 0.6701882999986992, 0.7188801999982388, 0.7043032000001404, 0.9349331000012171, 0.83009999999922, 0.8761565000022529, 0.467596999998932, 0.2517163000011351, 0.17050780000136, 0.18823790000169538, 0.8284215999992739, 0.5617096999994828, 0.6400759999996808, 0.7416599000025599, 0.7365955999994185], "server_delays": [0.42183241910128344, 0.8217207677727022, 0.46786470051515827, 0.3450713424421946, 0.9929611628343727, 0.6544047973604714, 0.7074888854167103, 0.6994260399072089, 0.9249056398292275, 0.8266577090237632, 0.8662300436086129, 0.4501480520069834, 0.23788673985659434, 0.1613996419929337, 0.17313365424976296, 0.8120150089176407, 0.5468109543906988, 0.62499705008191, 0.731646938651834, 0.7181221085900223], "count_success": 20, "count_failed": 0, "total_time": 12.42325239999991}