{"SyncResp": [0.4266934462379759, 0.7565469788330984, 0.31407310393406024, 0.2204195615955627, 0.8493165621516193, 0.3887048463294409, 0.4220663584259079, 0.2914653116249023, 0.39830513983723714, 0.8399911035099306, 0.993171097638342, 0.2206533556360103, 0.8096193073052049, 0.873495560005449, 0.4229284972500177, 0.9673563731232269, 0.22588640993161713, 0.7162785443137172, 0.44955644747445234, 0.660013213911363], "SyncRes": [0.4355003833770752, 0.7651453018188477, 0.32575249671936035, 0.23028922080993652, 0.8541910648345947, 0.396090030670166, 0.4260752201080322, 0.2968747615814209, 0.40332984924316406, 0.8449451923370361, 0.9987998008728027, 0.2258007526397705, 0.8131356239318848, 0.8777167797088623, 0.4276278018951416, 0.9719290733337402, 0.2311406135559082, 0.7206108570098877, 0.45521020889282227, 0.6638815402984619]}