{
  "SingleRequestTime": 12.916967630386353,
  "ServerDelay": {
    "0.9305322170257568": 0.9282233125301426,
    "0.9342160224914551": 0.932764493900231,
    "0.8974363803863525": 0.8956547869111517,
    "0.5895700454711914": 0.5876754320744216,
    "0.1619107723236084": 0.1600600764417679,
    "0.9621703624725342": 0.9603601844281019,
    "0.25221776962280273": 0.2503942715845481,
    "0.6963284015655518": 0.6944039699489537,
    "0.8066599369049072": 0.8047954663846817,
    "0.4956939220428467": 0.494015366715724,
    "0.9700660705566406": 0.96835764270653,
    "0.5801255702972412": 0.5779909302944927,
    "0.7342560291290283": 0.7323337692476647,
    "0.6939537525177002": 0.6923723635233241,
    "0.9115777015686035": 0.909832429621086,
    "0.8461334705352783": 0.844265192233457,
    "0.7458703517913818": 0.7440015417809736,
    "0.2551076412200928": 0.25320533690168145,
    "0.1283280849456787": 0.1264233758020583,
    "0.3241696357727051": 0.3220975551768118
  }
}