{"individual_times": [0.24666609999985667, 0.9033474000007118, 0.5567484000002878, 0.6518617000001541, 0.515749500000311, 0.33110409999972035, 0.8291319999989355, 0.36119700000017474, 0.9367707000001246, 0.6869929000004049, 0.6091836999985389, 0.9982873999997537, 0.8896463999990374, 0.793410700000095, 0.6862163000005239, 0.7649529999998776, 0.24902250000013737, 0.23407729999962612, 0.42260860000169487, 0.21938670000054117, 0.6244977000005747, 0.26514619999943534, 0.6888040999983787, 0.2817947000003187, 0.29763869999987946, 0.8013725000000704, 0.9396390000001702, 0.18843829999968875, 0.45193489999837766, 0.13996310000038648, 0.1723299000004772, 0.4701829000005091, 0.5501463999989937, 0.27992230000018026, 0.6613770000003569, 0.34748279999985243, 0.1111892999997508, 0.5347555999996985, 0.989997200000289, 0.23480989999916346, 0.18952170000011392, 0.9673438999998325, 0.7030159000005369, 0.6396488999998837, 0.842790699998659, 0.7502701000012166, 0.31146110000008775, 0.9409367000007478, 0.5652523000007932, 0.6746829999992769, 0.5498171999988699, 0.7669098999995185, 0.3754554000006465, 0.9379633000007743, 0.9699163999994198, 0.7520669999994425, 0.45333059999938996, 0.4705752999998367, 0.611688499999218, 0.2660338999994565, 0.8469215000004624, 0.9089923999999883, 0.5012738000004902, 0.9548374999994849, 0.9708162999995693, 0.9071647000000667, 0.8787154000001465, 0.2196765000007872, 0.7374182999992627, 0.20591000000058557, 0.3784914999996545, 1.002892399999837, 0.7059965000007651, 0.5030774999995629, 0.5025248000001739, 0.7531904000006762, 0.660744099999647, 0.7848061000004236, 0.5504682999999204, 0.8423423000003822, 0.514146499999697, 0.5625947999997152, 0.8291164000002027, 0.15720109999892884, 0.5319858999991993, 0.5007695000003878, 0.7524417999993602, 0.8578395000004093, 0.26403899999968417, 0.8572441000014805, 0.1898698000004515, 0.6048209000000497, 0.9482530000004772, 0.889219900000171, 0.48239880000073754, 0.6414442000004783, 0.5637862999992649, 0.23533110000062152, 0.5605307999994693, 0.3122616000000562], "server_delays": [0.23800937467668234, 0.8963117674490347, 0.5385733327228198, 0.639349769676024, 0.4991783566861364, 0.32403709347314935, 0.8125775339759181, 0.35079200217557216, 0.9273573106007328, 0.6725948945914871, 0.6020884932175102, 0.98251602618133, 0.883466003948732, 0.7789814469937086, 0.6779706991755967, 0.7485686027172735, 0.23674288178706063, 0.23196011985355847, 0.41018187147741847, 0.2075820948910136, 0.6170035649780666, 0.2531476772537634, 0.6840349326543794, 0.27394056769100456, 0.28993952373733844, 0.7937601931523902, 0.9336179419058318, 0.1758403382779372, 0.4447783508308736, 0.1313355758660679, 0.16637336075310097, 0.4657555675667231, 0.5338786191916414, 0.26207329281813996, 0.6575275353057382, 0.33277628768799183, 0.10798398079336777, 0.5328322102242828, 0.9840699980478842, 0.22751039081979835, 0.17411490529439858, 0.9564519500046956, 0.6860757318773179, 0.62727376924567, 0.8311054075205888, 0.7422989950357486, 0.2967794447574692, 0.9250811492894765, 0.5590787575776138, 0.6626808290433928, 0.5475363529278346, 0.7504765011577603, 0.369472556020669, 0.9347156911817206, 0.9647159497399894, 0.7458583858886141, 0.45083387690760757, 0.4632891319872823, 0.6007527126021865, 0.24944480395978888, 0.8381315478874484, 0.9047849790358797, 0.49058284355316506, 0.9418523806049592, 0.9595273280799319, 0.8938034802997847, 0.8669969978189798, 0.20692620559606684, 0.7288584204203113, 0.18953864425775602, 0.3626053698992334, 0.9902619086935598, 0.6982722599792723, 0.4935631574653313, 0.49776592345059933, 0.750877675101372, 0.6451825711760384, 0.7775177825300148, 0.5463794288419573, 0.8288685422512666, 0.5085391836001318, 0.5455311900574176, 0.8150753275656466, 0.14544501303995, 0.5215394530849836, 0.48509606815943784, 0.7411780615372308, 0.8472148414734681, 0.2616751979112501, 0.8521272691324906, 0.18698231599072157, 0.5889125783789289, 0.9350029055992611, 0.8772728837158336, 0.46630814252384245, 0.6277302245333293, 0.5492148050273213, 0.227032287571876, 0.552364095982609, 0.3023085416801243], "count_success": 100, "count_failed": 0, "total_time": 14.924629999999524}