{
  "SingleRequestTime": 1.4657516479492188,
  "ServerDelay": {
    "0.7521471977233887": 0.7465385879000803,
    "0.46892642974853516": 0.4618202757141061,
    "0.8664767742156982": 0.8596932852767359,
    "0.42093396186828613": 0.4152137382201907,
    "0.9427437782287598": 0.9398961724758733,
    "0.8386902809143066": 0.8346509022799191,
    "0.6022837162017822": 0.5989215113675403,
    "0.8727588653564453": 0.8706805890944512,
    "0.17966961860656738": 0.17666774900907994,
    "0.6445794105529785": 0.6426381657042528,
    "0.2644925117492676": 0.26265453766223007,
    "0.5749752521514893": 0.5731150993227786,
    "0.7961428165435791": 0.7943898218379236,
    "0.2608780860900879": 0.25943625211121923,
    "0.2953777313232422": 0.2937346319178784,
    "0.12007427215576172": 0.11844354615383548,
    "0.7342929840087891": 0.7325600880815925,
    "0.37821245193481445": 0.3764145431064232,
    "0.6237196922302246": 0.6219093619499495,
    "0.2042081356048584": 0.2025005671084843
  }
}